NFL Game Stats Data in form player_team_offense_ranking,player_fantasy_avg,weather,opp_team_defense_ranking,f_points_earned 
8,24.014,81,5,8.84
8,4.55,81,5,5.0
8,11.79,81,5,16.5
8,12.3,81,5,18.0
8,6.029999999999999,81,5,2.4
8,6.8100000000000005,81,5,1.8
8,11.030000000000001,81,5,0.0
8,0.2,81,5,0.0
24,8.87,81,25,4.08
24,5.626,81,25,5.5
24,9.1,81,25,30.2
24,5.7,81,25,2.6
24,3.2,81,25,3.2
24,10.3,81,25,4.8
24,0.01428571428571429,81,25,1.0
24,4.6,81,25,0.4
9,19.89,58,30,8.999999999999998
9,20.32,58,30,41.2
9,2.0300000000000002,58,30,0.8
9,9.9,58,30,11.9
9,14.18,58,30,9.3
9,4.95,58,30,6.0
9,0.53,58,30,0.6
20,8.862,58,12,29.58
20,1.1,58,12,18.5
20,7.316666666666666,58,12,2.1
20,5.511111111111111,58,12,2.5
20,7.753333333333333,58,12,10.6
20,5.046666666666667,58,12,3.8
20,18.6,58,12,1.7
20,5.223333333333333,58,12,1.3
20,1.6666666666666665,58,12,1.2
20,4.6033333333333335,58,12,0.0
32,3.202,61,6,-2.94
32,9.46133333333333,61,6,5.5600000000000005
32,2.1166666666666667,61,6,3.1
32,5.67,61,6,2.1
32,5.556666666666667,61,6,0.3
32,3.986666666666667,61,6,2.6
32,1.01,61,6,2.4
32,1.9044444444444442,61,6,1.8
32,1.5,61,6,1.4
32,4.026666666666667,61,6,1.0
32,0.7,61,6,0.7
32,0.5,61,6,0.0
32,1.657777777777778,61,6,0.0
32,-0.5,61,6,0.0
15,14.789333333333332,61,29,21.74
15,2.594666666666667,61,29,4.859999999999999
15,10.4,61,29,16.4
15,6.471111111111111,61,29,15.2
15,9.540000000000001,61,29,11.899999999999999
15,9.386666666666667,61,29,4.5
15,5.786666666666666,61,29,4.9
15,1.51,61,29,4.0
15,6.573333333333333,61,29,3.8
15,1.9200000000000002,61,29,3.2
15,4.043333333333333,61,29,3.1
15,1.5799999999999998,61,29,0.5
29,15.614,59,18,13.239999999999998
29,12.01,59,18,6.8999999999999995
29,4.5,59,18,5.5
29,2.14,59,18,0.3
29,4.9399999999999995,59,18,5.4
29,7.369999999999999,59,18,5.1
29,3.0,59,18,2.5
29,5.99,59,18,1.4
29,1.6800000000000002,59,18,0.0
29,1.58,59,18,0.0
27,13.624,59,7,7.160000000000001
27,17.95,59,7,24.8
27,0.5700000000000001,59,7,0.8
27,8.03,59,7,4.8
27,5.5,59,7,1.8
27,2.527142857142857,59,7,1.6
27,11.693999999999999,59,7,11.0
27,1.13,59,7,0.8
14,18.70711111111111,62,15,11.04
14,9.87,62,15,10.9
14,5.006666666666666,62,15,15.6
14,5.07,62,15,3.7
14,3.41,62,15,2.7
14,0.1677777777777778,62,15,1.2
14,0.99,62,15,1.1
14,0.16999999999999998,62,15,0.0
14,2.19,62,15,0.0
14,0.7,62,15,0.0
14,14.294444444444444,62,15,7.1
4,17.83844444444444,62,11,21.279999999999998
4,3.2333333333333334,62,11,6.9
4,3.1,62,11,3.1
4,15.176666666666668,62,11,5.6
4,4.6177777777777775,62,11,1.9
4,6.9714285714285715,62,11,10.3
4,3.8633333333333333,62,11,6.6
4,0.36,62,11,2.2
4,5.033333333333333,62,11,1.1
7,22.672,78,23,48.28
7,6.78,78,23,6.9
7,0.78,78,23,0.6
7,1.4300000000000002,78,23,0.30000000000000004
7,12.33,78,23,14.7
7,11.82,78,23,14.6
7,9.65,78,23,5.4
7,7.25,78,23,4.1
7,6.369999999999999,78,23,2.7
7,0.08,78,23,0.0
7,3.6100000000000003,78,23,0.0
3,21.75,78,32,29.56
3,20.47,78,32,38.1
3,0.81,78,32,-1.1
3,6.529999999999999,78,32,7.3
3,14.25,78,32,16.0
3,5.15,78,32,4.4
3,0.78,78,32,2.0
3,2.43,78,32,1.5
3,4.93,78,32,0.0
3,0.03,78,32,0.0
3,0.91,78,32,0.0
16,12.672,78,16,9.04
16,8.707777777777777,78,16,5.1
16,4.222222222222223,78,16,1.7999999999999998
16,9.690000000000001,78,16,9.0
16,1.9333333333333336,78,16,6.1
16,3.4744444444444444,78,16,5.6
16,2.5414285714285714,78,16,2.8
16,4.33,78,16,2.1
16,4.1899999999999995,78,16,0.0
16,7.418571428571429,78,16,0.0
10,18.15533333333333,78,28,20.36
10,9.433333333333334,78,28,4.2
10,7.359999999999999,78,28,7.5
10,10.790000000000001,78,28,5.1
10,15.184444444444445,78,28,10.2
10,3.4766666666666666,78,28,1.8
10,5.213333333333333,78,28,1.1
10,0.45,78,28,0.9
10,0.13999999999999999,78,28,0.6
10,0.7599999999999999,78,28,0.0
30,3.964666666666667,89,24,2.6799999999999997
30,12.070285714285713,89,24,1.62
30,8.73,89,24,23.0
30,5.97,89,24,3.1
30,6.1899999999999995,89,24,6.2
30,5.2,89,24,5.2
30,1.74,89,24,3.7
30,3.7300000000000004,89,24,1.7
30,1.71,89,24,1.2
30,3.18,89,24,0.0
22,12.396,89,1,13.6
22,6.296666666666667,89,1,6.1
22,9.471111111111112,89,1,6.6
22,10.116,89,1,3.8
22,6.75,89,1,10.6
22,4.373333333333333,89,1,3.8
22,5.505111111111112,89,1,2.6
22,1.6199999999999999,89,1,1.1
11,17.272000000000002,78,20,16.52
11,15.4,78,20,26.9
11,12.59,78,20,7.199999999999999
11,5.9799999999999995,78,20,4.4
11,11.54,78,20,2.6
11,0.72,78,20,0.9
11,3.8,78,20,0.4
11,3.92,78,20,0.3
11,10.329999999999998,78,20,0.9000000000000001
6,20.476,78,27,19.459999999999997
6,3.2199999999999998,78,27,6.1
6,7.57,78,27,5.199999999999999
6,0.9,78,27,0.9
6,6.333333333333333,78,27,4.0
6,5.5,78,27,5.9
6,10.17,78,27,5.1
6,9.879999999999999,78,27,4.6
6,4.4399999999999995,78,27,1.8
6,2.35,78,27,1.8
6,5.26,78,27,1.3
1,25.967555555555553,84,9,28.340000000000003
1,19.726666666666667,84,9,4.9
1,3.0700000000000003,84,9,4.0
1,13.946666666666665,84,9,17.299999999999997
1,1.4966666666666666,84,9,3.6
1,8.07777777777778,84,9,2.1
1,2.521111111111111,84,9,1.5
1,12.23,84,9,0.6
1,1.5,84,9,0.1
1,0.21000000000000002,84,9,0.0
13,19.669999999999998,84,26,26.96
13,20.685714285714287,84,26,16.6
13,9.16,84,26,12.6
13,0.8300000000000001,84,26,2.0
13,0.01,84,26,0.1
13,8.81,84,26,10.8
13,8.18,84,26,8.1
13,2.4,84,26,2.1
13,2.29,84,26,1.6
13,9.33,84,26,0.8
26,14.89,81,10,6.699999999999999
26,13.83,81,10,20.6
26,0.61,81,10,0.5
26,5.09,81,10,0.1
26,6.08,81,10,7.3
26,1.55,81,10,2.7
26,3.5100000000000002,81,10,2.0
26,3.7871428571428574,81,10,1.8
26,3.7600000000000002,81,10,0.9
26,0.6,81,10,0.6
26,0.53,81,10,0.0
12,22.244,81,2,24.240000000000002
12,14.509999999999998,81,2,7.5
12,2.3600000000000003,81,2,3.5
12,5.17,81,2,0.3
12,1.64,81,2,12.1
12,7.8100000000000005,81,2,4.1
12,7.960000000000001,81,2,3.3
12,3.06,81,2,2.3
12,4.85,81,2,1.5
12,1.09,81,2,0.4
21,16.186,84,22,20.42
21,9.668571428571427,84,22,5.8999999999999995
21,2.77,84,22,4.3
21,6.9,84,22,10.5
21,9.84,84,22,5.9
21,3.27,84,22,4.6
21,3.1114285714285717,84,22,1.1
21,0.13,84,22,0.7
21,3.29,84,22,0.7
21,5.77,84,22,0.0
21,3.9299999999999997,84,22,0.0
17,13.058,84,4,19.16
17,11.016666666666666,84,4,10.2
17,8.13857142857143,84,4,7.1
17,3.8044444444444445,84,4,1.5
17,11.392888888888887,84,4,13.5
17,6.1,84,4,6.3
17,5.563333333333333,84,4,4.5
17,2.83,84,4,2.9
17,3.743333333333333,84,4,1.5
17,1.6166666666666667,84,4,0.0
17,1.42,84,4,0.0
25,13.826,78,13,19.599999999999998
25,12.89,78,13,26.6
25,7.64,78,13,12.8
25,0.4,78,13,0.7
25,4.75,78,13,4.8
25,5.73,78,13,3.2
25,5.584285714285714,78,13,2.2
25,3.567142857142857,78,13,1.1
25,3.65,78,13,0.9
31,3.562000000000001,78,8,2.8200000000000003
31,11.52,78,8,18.7
31,1.55,78,8,4.8
31,5.96,78,8,7.6
31,3.45,78,8,1.9
31,6.78,78,8,0.4
31,2.16,78,8,0.0
5,20.274,62,17,20.04
5,10.08,62,17,10.7
5,10.190000000000001,62,17,4.1
5,6.75,62,17,6.1
5,7.28,62,17,2.5
5,8.42,62,17,1.5
5,5.801428571428572,62,17,1.4
5,0.11000000000000001,62,17,0.9
5,0.15,62,17,0.6
19,20.012,62,3,24.939999999999998
19,0.20000000000000018,62,3,-1.7999999999999998
19,5.05,62,3,4.7
19,4.215714285714286,62,3,2.8
19,5.5600000000000005,62,3,14.2
19,14.379999999999999,62,3,8.8
19,8.06,62,3,6.9
19,1.59,62,3,1.3
19,6.8100000000000005,62,3,0.8
18,10.831555555555555,78,19,13.82
18,10.283333333333333,78,19,34.2
18,6.755714285714286,78,19,6.5
18,1.4500000000000002,78,19,2.1
18,-0.14444444444444443,78,19,0.2
18,4.9557142857142855,78,19,6.3
18,15.92,78,19,4.9
18,0.9400000000000001,78,19,2.7
18,0.6799999999999999,78,19,0.7
18,5.98,78,19,3.1999999999999997
23,15.665999999999997,78,21,8.04
23,-1.54,78,21,-1.54
23,3.4,78,21,3.5
23,9.1,78,21,3.7
23,8.89,78,21,11.4
23,10.275714285714287,78,21,7.9
23,9.41,78,21,5.4
23,0.39,78,21,0.7
23,0.7,78,21,0.6
23,0.37,78,21,0.5
23,0.9400000000000001,78,21,0.0
23,4.720000000000001,78,21,-0.3
2,20.062666666666665,69,31,17.22
2,24.104444444444447,69,31,14.700000000000001
2,13.032857142857143,69,31,6.800000000000001
2,10.547777777777778,69,31,9.299999999999999
2,11.3,69,31,4.3
2,3.236666666666667,69,31,2.3
28,14.502,69,14,6.219999999999999
28,10.67,69,14,16.9
28,4.9799999999999995,69,14,7.9
28,3.0300000000000002,69,14,1.7
28,10.82,69,14,1.8
28,8.43,69,14,18.0
28,6.41,69,14,2.3
28,0.41,69,14,2.0
28,4.404285714285714,69,14,1.1
15,14.789333333333332,82,27,17.84
15,9.540000000000001,82,27,9.0
15,6.471111111111111,82,27,16.4
15,1.9200000000000002,82,27,3.8
15,2.594666666666667,82,27,0.6
15,1.5799999999999998,82,27,1.1
15,9.386666666666667,82,27,9.2
15,6.573333333333333,82,27,5.6
15,5.786666666666666,82,27,5.4
15,1.51,82,27,2.6
15,4.043333333333333,82,27,1.7
11,17.272000000000002,82,6,26.6
11,15.4,82,6,8.700000000000001
11,10.329999999999998,82,6,4.2
11,11.54,82,6,9.1
11,12.59,82,6,6.9
11,3.8,82,6,4.5
11,5.9799999999999995,82,6,2.3
11,0.72,82,6,1.1
11,0.16999999999999998,82,6,0.0
11,3.92,82,6,0.5
24,8.87,91,32,15.66
24,5.7,91,32,20.5
24,6.75,91,32,0.9999999999999998
24,9.1,91,32,14.700000000000001
24,5.626,91,32,9.0
24,10.3,91,32,9.4
24,0.8400000000000001,91,32,5.7
24,1.06,91,32,3.9
24,0.6,91,32,0.0
7,22.672,91,5,29.979999999999997
7,6.78,91,5,2.9000000000000004
7,1.4300000000000002,91,5,3.5999999999999996
7,0.78,91,5,0.9
7,11.82,91,5,12.9
7,9.65,91,5,9.6
7,12.33,91,5,6.300000000000001
7,7.25,91,5,5.6
7,6.369999999999999,91,5,0.8
13,19.669999999999998,83,29,22.740000000000002
13,9.16,83,29,9.8
13,20.685714285714287,83,29,18.6
13,8.81,83,29,6.7
13,2.4,83,29,5.5
13,9.33,83,29,4.8
13,8.18,83,29,2.7
13,-1.3333333333333333,83,29,0.0
13,2.29,83,29,0.0
13,0.0,83,29,0.0
13,0.010000000000000009,83,29,-0.1
32,9.46133333333333,83,9,13.0
32,5.67,83,9,6.8
32,5.556666666666667,83,9,15.7
32,2.1166666666666667,83,9,1.2999999999999998
32,3.986666666666667,83,9,6.3
32,0.5,83,9,3.0
32,1.657777777777778,83,9,2.9
32,0.27,83,9,2.4
32,4.026666666666667,83,9,1.9
32,1.9044444444444442,83,9,0.7
32,1.01,83,9,0.7
32,1.5,83,9,0.0
12,22.244,78,25,27.599999999999998
12,14.509999999999998,78,25,13.899999999999999
12,2.3600000000000003,78,25,3.1
12,5.17,78,25,5.8
12,1.64,78,25,0.4
12,7.8100000000000005,78,25,7.7
12,3.06,78,25,6.2
12,4.85,78,25,3.3
12,1.09,78,25,1.0
8,24.014,78,10,42.68000000000001
8,11.79,78,10,12.5
8,6.220000000000001,78,10,5.3999999999999995
8,11.030000000000001,78,10,6.7
8,12.3,78,10,6.4
8,6.029999999999999,78,10,5.9
8,2.34,78,10,3.0
8,1.23,78,10,1.0
8,-0.95,78,10,0.0
8,6.8100000000000005,78,10,1.5
1,25.967555555555553,80,12,38.839999999999996
1,19.726666666666667,80,12,8.0
1,8.07777777777778,80,12,13.1
1,3.0700000000000003,80,12,0.3
1,12.23,80,12,10.9
1,13.946666666666665,80,12,9.0
1,2.521111111111111,80,12,-0.30000000000000004
1,1.2366666666666668,80,12,0.3
1,0.21000000000000002,80,12,0.2
9,19.89,80,26,42.98
9,20.32,80,26,18.5
9,2.0300000000000002,80,26,1.9
9,0.4666666666666667,80,26,0.7
9,4.95,80,26,13.8
9,9.9,80,26,12.1
9,14.18,80,26,6.7
9,5.225714285714285,80,26,2.6
9,0.24,80,26,1.9
9,1.7971428571428572,80,26,1.4
14,18.70711111111111,81,1,22.799999999999997
14,9.87,81,1,7.0
14,5.006666666666666,81,1,3.6
14,10.618571428571428,81,1,11.3
14,14.294444444444444,81,1,11.0
14,5.07,81,1,4.5
14,0.99,81,1,2.1
14,2.19,81,1,1.9
14,3.41,81,1,0.0
30,3.964666666666667,81,11,8.879999999999999
30,5.97,81,11,5.92
30,0.8320000000000001,81,11,6.640000000000001
30,8.73,81,11,4.3
30,1.58,81,11,6.6
30,6.1899999999999995,81,11,5.5
30,3.18,81,11,3.2
30,1.74,81,11,1.5
30,3.7300000000000004,81,11,1.4
30,0.37,81,11,0.8
22,12.396,80,21,17.119999999999997
22,9.471111111111112,80,21,19.0
22,6.296666666666667,80,21,4.4
22,10.116,80,21,4.5
22,4.373333333333333,80,21,3.2
22,5.505111111111112,80,21,3.2
22,3.17,80,21,1.9
22,6.75,80,21,1.7
18,10.831555555555555,80,24,13.459999999999999
18,10.283333333333333,80,24,3.9
18,6.755714285714286,80,24,8.0
18,4.9557142857142855,80,24,9.2
18,15.92,80,24,8.4
18,4.257777777777777,80,24,3.0
18,5.98,80,24,0.7000000000000002
18,0.6799999999999999,80,24,2.4
18,2.69,80,24,-0.1
20,8.862,78,23,14.44
20,1.1,78,23,17.0
20,7.316666666666666,78,23,1.4
20,4.6033333333333335,78,23,8.799999999999999
20,5.511111111111111,78,23,1.0
20,7.753333333333333,78,23,6.9
20,5.046666666666667,78,23,4.7
20,5.223333333333333,78,23,2.0
20,1.6666666666666665,78,23,1.5
3,21.75,78,30,17.619999999999997
3,20.47,78,30,9.899999999999999
3,0.81,78,30,1.8
3,14.25,78,30,6.9
3,6.529999999999999,78,30,3.5
3,5.15,78,30,1.9
3,4.93,78,30,1.8
3,2.43,78,30,0.5
3,0.91,78,30,0.4
3,0.78,78,30,0.0
3,0.03,78,30,-0.1
10,18.15533333333333,80,17,31.5
10,7.359999999999999,80,17,9.0
10,9.433333333333334,80,17,1.9
10,0.7599999999999999,80,17,0.5
10,10.790000000000001,80,17,12.9
10,15.184444444444445,80,17,13.1
10,5.213333333333333,80,17,7.2
10,3.4766666666666666,80,17,2.3
10,0.45,80,17,1.9
19,20.012,80,16,16.04
19,5.05,80,16,7.1000000000000005
19,4.215714285714286,80,16,4.0
19,6.8100000000000005,80,16,9.5
19,14.379999999999999,80,16,6.4
19,8.06,80,16,6.4
19,5.5600000000000005,80,16,3.0
19,1.59,80,16,0.4
19,5.9799999999999995,80,16,0.3
19,0.06,80,16,0.0
6,20.476,71,8,11.36
6,3.2199999999999998,71,8,6.3999999999999995
6,16.93,71,8,3.6
6,7.57,71,8,12.5
6,9.879999999999999,71,8,8.3
6,5.5,71,8,3.0
6,10.17,71,8,2.6
6,6.333333333333333,71,8,2.0
6,4.4399999999999995,71,8,1.7
25,13.826,71,20,13.08
25,5.73,71,20,3.7
25,12.89,71,20,5.0
25,7.64,71,20,9.299999999999999
25,0.4,71,20,0.1
25,5.584285714285714,71,20,6.3
25,4.75,71,20,3.5
25,3.567142857142857,71,20,3.7
25,3.65,71,20,0.7
23,15.665999999999997,73,28,24.680000000000003
23,9.1,73,28,6.6
23,4.720000000000001,73,28,3.5
23,10.275714285714287,73,28,11.8
23,8.89,73,28,8.9
23,9.41,73,28,5.4
23,3.4,73,28,4.7
23,5.1,73,28,1.5
23,0.9400000000000001,73,28,1.3
16,12.672,73,19,16.64
16,8.707777777777777,73,19,27.900000000000002
16,4.222222222222223,73,19,8.0
16,4.33,73,19,5.7
16,1.9333333333333336,73,19,3.5
16,0.9866666666666666,73,19,2.2
16,9.690000000000001,73,19,2.2
16,3.4744444444444444,73,19,1.3
16,4.1899999999999995,73,19,0.4
16,2.5414285714285714,73,19,0.0
31,3.562000000000001,86,14,1.6
31,11.52,86,14,5.1
31,1.55,86,14,2.0
31,0.25,86,14,0.1
31,5.96,86,14,2.8
31,6.78,86,14,2.7
31,3.45,86,14,1.7
31,2.16,86,14,0.0
31,0.45,86,14,0.0
2,20.062666666666665,86,13,16.36
2,3.236666666666667,86,13,4.6
2,24.104444444444447,86,13,43.3
2,10.547777777777778,86,13,15.9
2,11.3,86,13,8.1
2,13.032857142857143,86,13,6.3
2,1.6199999999999999,86,13,1.7
2,1.8866666666666667,86,13,0.3
4,17.83844444444444,97,7,16.36
4,11.216666666666665,97,7,4.1
4,3.2333333333333334,97,7,2.2
4,15.176666666666668,97,7,8.4
4,4.6177777777777775,97,7,2.3
4,3.8633333333333333,97,7,4.4
4,5.033333333333333,97,7,4.2
4,1.17,97,7,3.5
4,6.9714285714285715,97,7,1.5
4,0.36,97,7,0.0
29,15.614,97,15,32.54
29,12.01,97,15,7.1
29,2.14,97,15,6.8999999999999995
29,0.5,97,15,0.4
29,4.9399999999999995,97,15,11.6
29,5.99,97,15,3.4
29,3.0,97,15,2.3
29,1.58,97,15,2.2
29,1.6800000000000002,97,15,1.7
29,1.7399999999999998,97,15,-0.7
29,7.369999999999999,97,15,7.6
28,14.502,92,22,15.52
28,10.67,92,22,18.8
28,3.0300000000000002,92,22,2.4
28,4.9799999999999995,92,22,0.3
28,10.82,92,22,11.6
28,8.43,92,22,4.9
28,4.404285714285714,92,22,4.3
28,3.5742857142857143,92,22,3.0
28,6.41,92,22,3.0
28,0.27999999999999997,92,22,1.2
28,0.41,92,22,0.5
17,13.058,92,31,20.48
17,11.016666666666666,92,31,11.1
17,8.13857142857143,92,31,14.8
17,3.8044444444444445,92,31,1.7
17,11.392888888888887,92,31,9.6
17,2.83,92,31,4.8
17,1.6166666666666667,92,31,2.6
17,6.1,92,31,1.8
17,0.6,92,31,1.1
17,3.743333333333333,92,31,1.0
17,5.563333333333333,92,31,0.9
27,13.624,78,2,13.56
27,17.95,78,2,10.8
27,1.13,78,2,1.3
27,0.5700000000000001,78,2,0.1
27,5.5,78,2,6.7
27,11.693999999999999,78,2,5.1
27,2.7,78,2,4.1
27,8.03,78,2,2.4
27,2.527142857142857,78,2,0.5
27,1.02,78,2,0.0
26,14.89,78,18,14.9
26,13.83,78,18,20.700000000000003
26,5.09,78,18,9.4
26,1.55,78,18,3.3
26,6.08,78,18,1.3
26,0.6,78,18,1.2
26,3.5100000000000002,78,18,0.9
26,3.7600000000000002,78,18,0.5
26,0.6599999999999999,78,18,0.0
21,16.186,79,3,14.739999999999998
21,2.77,79,3,3.0
21,9.668571428571427,79,3,2.4
21,7.941428571428572,79,3,0.19999999999999998
21,9.84,79,3,6.0
21,3.27,79,3,4.4
21,6.9,79,3,4.2
21,3.29,79,3,3.6
21,3.1114285714285717,79,3,2.3
21,0.55,79,3,2.2
5,20.274,79,4,14.4
5,10.08,79,4,6.8
5,7.28,79,4,4.7
5,10.190000000000001,79,4,2.5
5,8.42,79,4,2.2
5,6.75,79,4,8.3
5,5.801428571428572,79,4,1.1
5,1.56,79,4,0.6
18,10.831555555555555,83,30,2.76
18,6.755714285714286,83,30,7.3
18,10.283333333333333,83,30,29.1
18,4.9557142857142855,83,30,5.7
18,2.69,83,30,3.5
18,15.92,83,30,2.5
18,5.98,83,30,0.20000000000000018
18,0.6799999999999999,83,30,1.4
18,1.1099999999999999,83,30,0.0
18,4.257777777777777,83,30,-0.1
20,13.975428571428573,83,21,7.839999999999999
20,8.862,83,21,2.96
20,1.1,83,21,34.3
20,5.511111111111111,83,21,3.3
20,7.316666666666666,83,21,0.6
20,7.753333333333333,83,21,10.3
20,5.223333333333333,83,21,3.6
20,5.046666666666667,83,21,3.2
20,4.6033333333333335,83,21,2.0
20,0.09,83,21,0.0
11,17.272000000000002,80,10,14.079999999999998
11,10.329999999999998,80,10,20.6
11,11.54,80,10,13.7
11,5.9799999999999995,80,10,7.4
11,12.59,80,10,5.8
11,3.8,80,10,1.9
11,0.72,80,10,1.6
11,3.92,80,10,1.6
11,0.16999999999999998,80,10,1.2
12,22.244,80,27,41.6
12,14.509999999999998,80,27,19.4
12,2.3600000000000003,80,27,3.3
12,1.64,80,27,0.1
12,7.8100000000000005,80,27,6.7
12,1.09,80,27,2.0
12,4.85,80,27,1.9
12,3.06,80,27,0.7
12,5.17,80,27,0.3
17,13.058,61,6,5.68
17,8.13857142857143,61,6,17.8
17,11.392888888888887,61,6,19.3
17,11.016666666666666,61,6,2.0
17,3.8044444444444445,61,6,4.4
17,0.6,61,6,0.2
17,6.1,61,6,6.3
17,5.563333333333333,61,6,3.7
17,2.83,61,6,0.8
17,3.743333333333333,61,6,0.7
15,14.789333333333332,61,22,15.28
15,9.540000000000001,61,22,19.4
15,6.471111111111111,61,22,14.6
15,9.386666666666667,61,22,8.6
15,6.573333333333333,61,22,6.1
15,4.043333333333333,61,22,5.9
15,5.786666666666666,61,22,3.9
15,1.9200000000000002,61,22,0.5
15,1.51,61,22,0.2
15,2.594666666666667,61,22,0.0
3,21.75,78,25,52.54
3,20.47,78,25,19.0
3,2.442,78,25,3.9
3,6.529999999999999,78,25,3.2
3,0.81,78,25,1.0
3,0.03,78,25,0.2
3,14.25,78,25,12.9
3,5.15,78,25,7.1
3,0.78,78,25,2.5
3,2.43,78,25,1.7
3,2.5666666666666664,78,25,1.1
3,0.91,78,25,0.6
8,24.014,78,23,36.160000000000004
8,11.79,78,23,4.699999999999999
8,11.030000000000001,78,23,15.5
8,12.3,78,23,9.6
8,6.8100000000000005,78,23,3.6
8,6.029999999999999,78,23,2.3
8,1.23,78,23,1.1
8,2.34,78,23,0.7
8,6.220000000000001,78,23,3.4999999999999996
6,20.476,61,5,13.86
6,-0.2,61,5,0.0
6,3.2199999999999998,61,5,2.0
6,7.57,61,5,4.3
6,9.879999999999999,61,5,5.0
6,5.5,61,5,3.5
6,10.17,61,5,3.3
6,4.4399999999999995,61,5,1.4
6,5.26,61,5,0.7
6,2.35,61,5,0.3
6,-0.3,61,5,-0.4
6,3.2,61,5,-0.2
24,19.136666666666667,61,20,11.2
24,6.75,61,20,21.1
24,5.7,61,20,7.5
24,1.8800000000000001,61,20,3.0
24,10.3,61,20,7.3
24,4.6,61,20,7.3
24,5.626,61,20,2.4
24,4.33,61,20,2.1
24,0.8400000000000001,61,20,1.0
32,9.46133333333333,78,16,39.74
32,5.556666666666667,78,16,12.6
32,2.1166666666666667,78,16,3.4
32,1.5,78,16,2.9
32,4.026666666666667,78,16,2.9
32,1.9044444444444442,78,16,2.6
32,1.657777777777778,78,16,1.8
32,3.986666666666667,78,16,1.7
32,-0.19666666666666666,78,16,0.6
32,0.5,78,16,0.0
10,18.15533333333333,78,29,10.04
10,0.68,78,29,1.1
10,9.433333333333334,78,29,3.1
10,15.184444444444445,78,29,10.5
10,5.213333333333333,78,29,4.8
10,0.7599999999999999,78,29,4.7
10,3.4766666666666666,78,29,3.3
10,10.790000000000001,78,29,1.7
10,4.211428571428572,78,29,0.9
10,0.13999999999999999,78,29,0.7
28,14.502,90,24,13.600000000000001
28,10.67,90,24,20.6
28,3.0300000000000002,90,24,4.3
28,3.5742857142857143,90,24,3.4
28,6.41,90,24,17.3
28,4.9799999999999995,90,24,5.9
28,8.43,90,24,3.1
28,10.82,90,24,1.7
28,0.32428571428571434,90,24,1.1
28,0.27999999999999997,90,24,0.2
22,12.396,90,31,26.160000000000004
22,10.116,90,31,13.48
22,6.296666666666667,90,31,1.2
22,9.471111111111112,90,31,1.0
22,4.373333333333333,90,31,7.0
22,6.75,90,31,6.1
22,5.505111111111112,90,31,4.2
22,4.55,90,31,4.0
22,1.6199999999999999,90,31,3.1
22,3.17,90,31,1.6
16,12.672,70,26,20.34
16,8.707777777777777,70,26,11.7
16,4.222222222222223,70,26,18.7
16,9.690000000000001,70,26,7.9
16,3.4744444444444444,70,26,3.8
16,4.1899999999999995,70,26,2.7
16,2.5414285714285714,70,26,2.4
16,4.33,70,26,1.1
16,3.624444444444444,70,26,0.8
16,0.9866666666666666,70,26,0.7
16,7.418571428571429,70,26,2.8
1,25.967555555555553,70,28,25.26
1,19.726666666666667,70,28,28.4
1,8.07777777777778,70,28,7.5
1,13.946666666666665,70,28,5.6
1,3.0700000000000003,70,28,3.0
1,12.23,70,28,11.4
1,1.4966666666666666,70,28,1.6
1,0.21000000000000002,70,28,1.6
1,2.68,70,28,1.3
1,2.521111111111111,70,28,1.3
1,0.08,70,28,0.7
1,1.2366666666666668,70,28,0.0
30,12.070285714285713,89,7,9.1
30,3.964666666666667,89,7,0.32
30,5.97,89,7,5.7
30,8.73,89,7,4.0
30,3.7300000000000004,89,7,1.6
30,6.1899999999999995,89,7,3.4
30,3.18,89,7,3.0
30,1.74,89,7,1.1
30,1.71,89,7,0.9
30,0.6900000000000001,89,7,0.7
30,0.37,89,7,0.3
29,15.614,89,1,8.9
29,12.01,89,1,9.0
29,2.14,89,1,1.0
29,0.5,89,1,0.5
29,4.9399999999999995,89,1,4.0
29,7.369999999999999,89,1,3.1
29,3.0,89,1,1.8
29,5.99,89,1,-0.3999999999999999
29,0.13,89,1,0.5
29,1.7399999999999998,89,1,0.0
29,1.6800000000000002,89,1,0.0
27,13.624,78,11,19.78
27,17.95,78,11,23.7
27,1.13,78,11,2.5
27,0.5700000000000001,78,11,0.8
27,11.693999999999999,78,11,10.9
27,8.03,78,11,8.0
27,2.527142857142857,78,11,3.9
27,5.5,78,11,1.9
27,2.7,78,11,1.5
14,18.70711111111111,78,18,25.0
14,5.006666666666666,78,18,1.7000000000000002
14,9.87,78,18,3.0999999999999996
14,10.618571428571428,78,18,10.1
14,14.294444444444444,78,18,8.6
14,3.41,78,18,5.3
14,2.19,78,18,4.4
14,0.7,78,18,2.8
14,0.99,78,18,1.8
14,5.07,78,18,1.0
19,20.012,62,8,19.900000000000002
19,0.0,62,8,0.0
19,8.346666666666668,62,8,4.7
19,5.05,62,8,4.5
19,4.215714285714286,62,8,6.5
19,8.06,62,8,7.6
19,14.379999999999999,62,8,5.2
19,6.8100000000000005,62,8,4.5
19,5.5600000000000005,62,8,0.20000000000000018
19,1.59,62,8,0.0
19,5.9799999999999995,62,8,0.0
25,13.826,62,17,16.8
25,12.89,62,17,36.0
25,7.64,62,17,1.7
25,5.73,62,17,4.5
25,5.0,62,17,0.3
25,3.65,62,17,7.0
25,4.75,62,17,6.5
25,5.584285714285714,62,17,4.6
25,3.567142857142857,62,17,0.0
13,19.669999999999998,80,14,17.04
13,20.685714285714287,80,14,20.4
13,9.16,80,14,5.1
13,9.33,80,14,3.6
13,8.18,80,14,8.1
13,2.29,80,14,4.5
13,8.81,80,14,2.4000000000000004
13,2.4,80,14,0.6
2,20.062666666666665,80,9,25.56
2,24.104444444444447,80,9,25.6
2,3.236666666666667,80,9,4.2
2,11.3,80,9,11.700000000000001
2,10.547777777777778,80,9,9.0
2,1.8866666666666667,80,9,3.5
2,1.6199999999999999,80,9,0.3
2,13.032857142857143,80,9,6.8
26,14.89,61,4,8.819999999999999
26,13.83,61,4,11.799999999999999
26,5.09,61,4,2.0
26,3.7871428571428574,61,4,4.7
26,6.08,61,4,4.6
26,1.55,61,4,2.3
26,3.5100000000000002,61,4,2.2
26,3.7600000000000002,61,4,1.7
26,0.53,61,4,0.0
21,16.186,61,2,15.58
21,9.668571428571427,61,2,24.4
21,9.84,61,2,8.2
21,2.77,61,2,0.5
21,0.13,61,2,0.2
21,3.27,61,2,3.0
21,3.1114285714285717,61,2,2.7
21,3.29,61,2,2.5
21,7.941428571428572,61,2,0.7
21,6.9,61,2,0.4
5,20.274,78,13,5.6000000000000005
5,10.08,78,13,20.1
5,10.190000000000001,78,13,6.8
5,8.42,78,13,5.5
5,6.75,78,13,5.0
5,5.801428571428572,78,13,3.5
5,7.28,78,13,3.4
5,0.21000000000000002,78,13,0.9
5,1.56,78,13,0.2
31,3.562000000000001,78,3,8.280000000000001
31,8.281333333333334,78,3,0.6399999999999999
31,11.52,78,3,6.1
31,1.55,78,3,1.0
31,6.78,78,3,9.0
31,3.45,78,3,3.5
31,0.25,78,3,1.2
31,0.7966666666666669,78,3,0.9
31,5.96,78,3,0.9
31,2.16,78,3,0.8
31,0.45,78,3,0.0
4,17.83844444444444,78,19,7.5200000000000005
4,11.216666666666665,78,19,4.9
4,15.176666666666668,78,19,5.1
4,6.9714285714285715,78,19,5.1
4,5.033333333333333,78,19,3.1
4,3.2333333333333334,78,19,2.6
4,4.6177777777777775,78,19,1.2
4,0.36,78,19,0.0
23,15.665999999999997,78,15,17.48
23,9.1,78,15,11.0
23,4.720000000000001,78,15,6.5
23,10.275714285714287,78,15,6.9
23,9.41,78,15,6.9
23,8.89,78,15,5.3
23,3.4,78,15,3.6
23,0.9400000000000001,78,15,1.0
23,0.7,78,15,0.4
23,-0.06,78,15,-0.5
9,19.89,77,32,24.019999999999996
9,20.32,77,32,9.5
9,0.4666666666666667,77,32,1.8
9,9.9,77,32,11.6
9,5.225714285714285,77,32,11.2
9,14.18,77,32,5.0
9,1.7971428571428572,77,32,2.5
9,2.0300000000000002,77,32,0.9
9,4.95,77,32,0.7
9,0.55,77,32,0.0
7,22.672,77,12,25.14
7,6.78,77,12,3.3
7,6.369999999999999,77,12,3.4
7,12.33,77,12,13.7
7,7.25,77,12,5.4
7,9.65,77,12,7.2
7,11.82,77,12,3.7
7,3.6100000000000003,77,12,3.4
7,0.78,77,12,0.9
7,1.4300000000000002,77,12,1.7
10,18.15533333333333,75,14,29.68
10,7.359999999999999,75,14,2.0
10,1.02,75,14,0.4
10,9.433333333333334,75,14,1.8
10,15.184444444444445,75,14,13.5
10,10.790000000000001,75,14,12.3
10,5.213333333333333,75,14,5.7
10,3.4766666666666666,75,14,4.7
10,4.211428571428572,75,14,3.3
10,0.7599999999999999,75,14,0.7
10,0.45,75,14,0.3
10,0.68,75,14,0.1
2,20.062666666666665,75,16,39.300000000000004
2,0.082,75,16,0.0
2,24.104444444444447,75,16,15.600000000000001
2,10.547777777777778,75,16,12.6
2,13.032857142857143,75,16,16.2
2,11.3,75,16,10.1
2,1.6199999999999999,75,16,1.3
2,2.5133333333333336,75,16,0.0
2,1.8866666666666667,75,16,0.0
7,15.042000000000002,66,3,6.500000000000001
7,22.672,66,3,3.04
7,3.4,66,3,2.8
7,6.78,66,3,3.0
7,11.82,66,3,11.2
7,12.33,66,3,5.9
7,6.369999999999999,66,3,3.6
7,3.6100000000000003,66,3,2.9
7,7.25,66,3,2.2
7,0.35,66,3,0.8
7,9.65,66,3,0.0
5,20.274,66,32,43.459999999999994
5,10.190000000000001,66,32,17.4
5,10.08,66,32,2.5
5,7.28,66,32,11.4
5,8.42,66,32,8.6
5,6.75,66,32,2.3
5,1.56,66,32,2.0
5,0.21000000000000002,66,32,0.0
5,-0.16999999999999998,66,32,-0.2
11,17.272000000000002,78,25,24.78
11,10.329999999999998,78,25,33.599999999999994
11,1.08,78,25,3.6999999999999997
11,0.65,78,25,1.6
11,11.54,78,25,10.0
11,12.59,78,25,7.8
11,3.92,78,25,5.2
11,5.9799999999999995,78,25,3.8
11,3.8,78,25,0.6
11,0.72,78,25,0.0
8,24.014,78,27,29.26
8,11.79,78,27,7.699999999999999
8,6.220000000000001,78,27,16.8
8,11.030000000000001,78,27,5.5
8,12.3,78,27,17.3
8,6.8100000000000005,78,27,11.1
8,6.029999999999999,78,27,1.9
8,1.23,78,27,1.7
8,0.51,78,27,0.4
8,2.34,78,27,0.2
24,19.136666666666667,80,1,20.720000000000002
24,9.1,80,1,8.1
24,6.75,80,1,5.4
24,10.3,80,1,11.2
24,11.219999999999999,80,1,10.5
24,4.33,80,1,5.6
24,5.626,80,1,2.2
24,1.06,80,1,1.4
24,4.6,80,1,1.3
30,12.070285714285713,80,5,36.36
30,5.97,80,5,3.0999999999999996
30,6.1899999999999995,80,5,16.1
30,3.18,80,5,7.7
30,8.73,80,5,6.6
30,3.7300000000000004,80,5,2.7
30,0.6900000000000001,80,5,0.6
30,1.71,80,5,0.0
22,12.396,65,15,0.0
22,12.292,65,15,6.1000000000000005
22,6.296666666666667,65,15,5.699999999999999
22,9.471111111111112,65,15,1.6
22,0.5,65,15,0.3
22,10.116,65,15,2.1
22,6.75,65,15,4.0
22,5.505111111111112,65,15,2.1
22,4.373333333333333,65,15,1.7
22,1.6199999999999999,65,15,0.9
4,17.83844444444444,65,24,18.96
4,11.216666666666665,65,24,23.2
4,15.176666666666668,65,24,23.2
4,4.6177777777777775,65,24,6.5
4,1.42,65,24,1.1
4,3.8633333333333333,65,24,5.5
4,6.9714285714285715,65,24,4.4
4,18.6,65,24,3.2
4,5.033333333333333,65,24,2.5
4,0.36,65,24,0.0
4,0.19,65,24,-0.4
4,-0.25,65,24,-0.3
18,10.831555555555555,86,7,11.48
18,6.755714285714286,86,7,5.2
18,4.9557142857142855,86,7,6.6
18,2.69,86,7,2.3
18,5.98,86,7,1.8
18,4.257777777777777,86,7,1.8
18,1.1099999999999999,86,7,1.3
18,10.283333333333333,86,7,0.3
18,15.92,86,7,0.0
29,15.614,86,21,24.32
29,12.01,86,21,20.0
29,4.5,86,21,3.5
29,7.369999999999999,86,21,12.1
29,2.14,86,21,1.7
29,5.99,86,21,10.9
29,1.6800000000000002,86,21,2.8
29,3.0,86,21,2.4
29,4.9399999999999995,86,21,1.5
29,1.58,86,21,1.1
29,1.7399999999999998,86,21,0.6
32,9.46133333333333,49,17,1.94
32,5.67,49,17,3.7
32,5.556666666666667,49,17,1.5
32,1.657777777777778,49,17,4.0
32,3.986666666666667,49,17,3.8
32,4.026666666666667,49,17,3.4
32,1.9044444444444442,49,17,1.3
32,1.5,49,17,0.8
32,0.25,49,17,0.5
32,0.5,49,17,0.0
19,20.012,49,29,15.02
19,8.346666666666668,49,29,20.2
19,5.05,49,29,2.7
19,4.215714285714286,49,29,7.3999999999999995
19,14.379999999999999,49,29,8.1
19,8.06,49,29,8.0
19,5.9799999999999995,49,29,3.8
19,6.8100000000000005,49,29,2.1
19,1.59,49,29,0.5
23,15.665999999999997,78,2,20.78
23,9.1,78,2,17.6
23,0.33999999999999997,78,2,1.7
23,4.720000000000001,78,2,1.2
23,3.4,78,2,2.7
23,10.275714285714287,78,2,13.2
23,8.89,78,2,7.4
23,9.41,78,2,5.6
23,0.39,78,2,1.2
23,0.9400000000000001,78,2,0.6
23,0.37,78,2,0.6
26,14.89,78,19,18.4
26,13.83,78,19,24.0
26,0.61,78,19,2.2
26,5.09,78,19,0.7
26,6.08,78,19,5.3
26,3.7600000000000002,78,19,4.5
26,3.7871428571428574,78,19,3.9
26,3.5100000000000002,78,19,3.0
14,18.70711111111111,78,20,37.1
14,9.87,78,20,4.9
14,5.006666666666666,78,20,3.1
14,14.294444444444444,78,20,16.9
14,10.618571428571428,78,20,4.9
14,0.99,78,20,2.4
14,0.16999999999999998,78,20,1.2
14,2.19,78,20,1.2
14,6.4,78,20,10.700000000000001
6,20.476,78,11,33.660000000000004
6,3.2199999999999998,78,11,1.6
6,7.57,78,11,7.3
6,0.4,78,11,0.4
6,9.879999999999999,78,11,11.5
6,4.4399999999999995,78,11,8.5
6,5.5,78,11,6.4
6,2.35,78,11,5.6
6,10.17,78,11,4.0
6,3.2,78,11,2.4
6,3.6,78,11,1.7
20,13.975428571428573,71,31,12.8
20,7.316666666666666,71,31,34.5
20,1.1,71,31,20.2
20,5.511111111111111,71,31,5.6
20,5.046666666666667,71,31,6.1
20,4.6033333333333335,71,31,5.4
20,5.223333333333333,71,31,5.2
20,1.6666666666666665,71,31,4.9
20,7.753333333333333,71,31,3.4
20,0.09,71,31,0.0
28,14.502,71,30,29.580000000000005
28,10.67,71,30,15.7
28,3.0300000000000002,71,30,1.1
28,10.82,71,30,12.8
28,8.43,71,30,11.0
28,3.5742857142857143,71,30,5.1
28,6.41,71,30,4.8
28,0.29,71,30,2.3
28,4.404285714285714,71,30,1.2
28,0.32428571428571434,71,30,-0.1
28,4.9799999999999995,71,30,3.5999999999999996
21,16.186,78,13,8.98
21,7.941428571428572,78,13,36.400000000000006
21,2.77,78,13,4.9
21,9.84,78,13,5.3
21,3.9299999999999997,78,13,4.1
21,5.77,78,13,3.9
21,3.1114285714285717,78,13,0.6
21,3.27,78,13,0.5
21,6.9,78,13,0.5
31,8.281333333333334,78,4,12.5
31,11.52,78,4,21.2
31,6.78,78,4,3.5
31,1.55,78,4,0.1
31,3.45,78,4,5.2
31,5.96,78,4,2.8
31,2.16,78,4,2.2
31,0.25,78,4,0.5
31,0.45,78,4,0.4
16,11.831333333333331,78,9,17.82
16,8.707777777777777,78,9,7.1
16,4.222222222222223,78,9,1.7999999999999998
16,7.418571428571429,78,9,2.8
16,9.690000000000001,78,9,12.5
16,4.33,78,9,5.2
16,4.1899999999999995,78,9,3.4
16,3.4744444444444444,78,9,1.5
16,2.5414285714285714,78,9,1.2
16,0.9866666666666666,78,9,0.0
13,19.669999999999998,78,28,19.7
13,20.685714285714287,78,28,15.9
13,9.16,78,28,5.6
13,8.81,78,28,6.3
13,9.33,78,28,4.8
13,2.29,78,28,2.7
13,8.18,78,28,1.5
13,2.4,78,28,0.9
13,0.8300000000000001,78,28,0.2
3,21.75,71,18,8.58
3,2.442,71,18,2.8
3,20.47,71,18,54.1
3,0.81,71,18,1.5
3,0.04,71,18,0.2
3,6.529999999999999,71,18,0.1
3,2.43,71,18,6.3
3,14.25,71,18,4.7
3,2.5666666666666664,71,18,3.2
3,5.15,71,18,2.3
3,0.13,71,18,1.0
3,0.91,71,18,0.0
3,4.93,71,18,0.0
27,13.624,71,23,12.7
27,17.95,71,23,22.0
27,11.693999999999999,71,23,7.0
27,1.13,71,23,0.30000000000000004
27,8.03,71,23,7.7
27,2.527142857142857,71,23,2.9
27,1.02,71,23,0.9
27,0.39,71,23,0.7
15,14.789333333333332,69,12,22.22
15,9.540000000000001,69,12,2.5
15,6.471111111111111,69,12,4.7
15,2.594666666666667,69,12,1.7
15,0.53,69,12,1.4
15,9.386666666666667,69,12,11.9
15,1.5799999999999998,69,12,2.1999999999999997
15,5.786666666666666,69,12,5.6
15,1.9200000000000002,69,12,5.1
15,1.51,69,12,3.6
15,6.573333333333333,69,12,2.9
15,-0.1966666666666666,69,12,1.4
15,4.043333333333333,69,12,1.2
9,19.89,69,6,12.860000000000001
9,20.32,69,6,4.4
9,2.0300000000000002,69,6,3.3000000000000003
9,5.225714285714285,69,6,4.2
9,14.18,69,6,6.2
9,9.9,69,6,6.0
9,4.95,69,6,2.3
9,1.7971428571428572,69,6,1.0
1,25.967555555555553,65,22,28.86
1,19.726666666666667,65,22,29.5
1,1.5,65,22,2.1
1,3.0700000000000003,65,22,0.6
1,13.946666666666665,65,22,5.6000000000000005
1,12.23,65,22,7.8
1,2.68,65,22,5.9
1,1.2366666666666668,65,22,3.1
1,2.521111111111111,65,22,1.3
1,8.07777777777778,65,22,0.0
17,13.058,65,26,7.800000000000001
17,11.016666666666666,65,26,19.9
17,8.13857142857143,65,26,18.7
17,11.392888888888887,65,26,6.3
17,3.8044444444444445,65,26,1.4
17,3.743333333333333,65,26,5.7
17,5.563333333333333,65,26,5.1
17,0.6,65,26,3.2
17,6.1,65,26,2.4
17,1.42,65,26,1.7
6,20.476,66,15,22.6
6,7.57,66,15,9.0
6,3.2199999999999998,66,15,2.8
6,10.17,66,15,10.5
6,4.4399999999999995,66,15,6.6
6,5.5,66,15,5.8
6,5.26,66,15,4.4
6,3.2,66,15,2.6
6,2.35,66,15,1.2
6,-0.35,66,15,0.0
4,17.83844444444444,66,20,33.54
4,11.216666666666665,66,20,23.0
4,15.176666666666668,66,20,7.7
4,6.9714285714285715,66,20,7.5
4,9.696,66,20,5.7
4,18.6,66,20,5.0
4,5.033333333333333,66,20,3.4
4,3.8633333333333333,66,20,2.5
4,4.6177777777777775,66,20,1.1
27,13.624,80,10,17.24
27,11.693999999999999,80,10,17.38
27,17.95,80,10,12.899999999999999
27,8.03,80,10,7.5
27,1.02,80,10,5.2
27,0.9,80,10,2.7
27,2.527142857142857,80,10,1.7
27,0.39,80,10,0.0
12,22.244,80,18,16.38
12,14.509999999999998,80,18,9.3
12,5.17,80,18,6.7
12,2.3600000000000003,80,18,0.9
12,1.64,80,18,0.4
12,7.8100000000000005,80,18,5.3
12,1.09,80,18,3.8
12,7.76,80,18,3.7
12,3.06,80,18,2.5
12,4.85,80,18,0.0
30,12.070285714285713,62,29,4.16
30,5.97,62,29,5.6
30,8.73,62,29,2.8
30,6.1899999999999995,62,29,4.9
30,3.18,62,29,1.0
30,3.7300000000000004,62,29,3.0
30,0.6900000000000001,62,29,0.6
30,1.71,62,29,0.0
30,1.74,62,29,0.0
30,0.85,62,29,0.0
32,9.46133333333333,62,1,15.18
32,-0.5,62,1,0.0
32,5.67,62,1,10.8
32,5.556666666666667,62,1,4.3
32,3.986666666666667,62,1,2.0
32,1.657777777777778,62,1,1.2
32,4.026666666666667,62,1,1.1
32,1.9044444444444442,62,1,0.9
32,1.5,62,1,0.0
32,-0.19666666666666666,62,1,0.39999999999999997
8,24.014,83,12,14.399999999999999
8,-0.95,83,12,0.10000000000000009
8,4.55,83,12,4.1000000000000005
8,11.79,83,12,3.0
8,6.220000000000001,83,12,13.0
8,6.029999999999999,83,12,7.7
8,6.8100000000000005,83,12,7.3
8,12.3,83,12,6.2
8,11.030000000000001,83,12,3.8
8,2.34,83,12,2.5
8,0.2,83,12,0.8
8,0.09,83,12,0.0
9,19.89,83,25,21.6
9,20.32,83,25,42.5
9,0.4666666666666667,83,25,0.8
9,14.18,83,25,10.1
9,9.9,83,25,3.4
9,4.95,83,25,2.0
9,0.55,83,25,0.9
9,5.225714285714285,83,25,0.6
9,2.0300000000000002,83,25,0.5
9,1.7971428571428572,83,25,0.0
9,0.16199999999999998,83,25,-0.3
17,13.058,77,21,21.08
17,11.016666666666666,77,21,8.1
17,8.13857142857143,77,21,4.7
17,6.1,77,21,10.5
17,11.392888888888887,77,21,7.2
17,3.8044444444444445,77,21,5.9
17,0.63,77,21,4.4
17,1.42,77,21,1.9
17,5.563333333333333,77,21,1.8
17,3.743333333333333,77,21,1.8
17,1.6166666666666667,77,21,0.6
18,10.831555555555555,77,22,18.42
18,10.283333333333333,77,22,35.099999999999994
18,6.755714285714286,77,22,7.9
18,5.98,77,22,12.3
18,15.92,77,22,2.0
18,0.6799999999999999,77,22,1.5
18,2.69,77,22,1.4
18,1.1099999999999999,77,22,1.0
18,-0.14444444444444443,77,22,0.4
18,4.9557142857142855,77,22,0.0
29,15.614,58,26,26.599999999999998
29,12.01,58,26,12.2
29,2.14,58,26,0.8
29,0.5,58,26,0.6
29,5.99,58,26,7.6
29,4.9399999999999995,58,26,7.0
29,1.7399999999999998,58,26,6.8
29,1.58,58,26,6.5
29,7.369999999999999,58,26,5.5
29,1.6800000000000002,58,26,2.7
29,0.13,58,26,0.0
29,3.0,58,26,0.0
1,25.967555555555553,58,7,21.82
1,19.726666666666667,58,7,21.4
1,13.946666666666665,58,7,8.7
1,12.23,58,7,10.0
1,8.07777777777778,58,7,7.8
1,2.521111111111111,58,7,2.1
1,1.4966666666666666,58,7,1.5
1,3.0700000000000003,58,7,1.3
1,1.5,58,7,1.3
1,2.68,58,7,0.5
1,1.2366666666666668,58,7,0.0
1,0.21000000000000002,58,7,0.0
19,20.012,78,19,26.68
19,8.346666666666668,78,19,5.9
19,5.05,78,19,5.199999999999999
19,4.215714285714286,78,19,3.8
19,14.379999999999999,78,19,14.0
19,2.8600000000000003,78,19,8.9
19,6.8100000000000005,78,19,7.6
19,5.9799999999999995,78,19,6.8
19,1.59,78,19,0.8
23,15.665999999999997,78,17,15.22
23,9.1,78,17,8.5
23,4.720000000000001,78,17,26.2
23,3.4,78,17,2.3
23,8.89,78,17,9.8
23,10.275714285714287,78,17,4.2
23,9.41,78,17,0.8
15,14.789333333333332,72,30,11.22
15,2.594666666666667,72,30,1.0
15,9.540000000000001,72,30,6.6000000000000005
15,6.471111111111111,72,30,5.800000000000001
15,6.573333333333333,72,30,6.6
15,9.386666666666667,72,30,5.8
15,5.786666666666666,72,30,5.5
15,1.5799999999999998,72,30,2.0
15,4.043333333333333,72,30,1.6
15,1.51,72,30,1.0
15,1.9200000000000002,72,30,0.8
15,2.34,72,30,0.7
15,0.53,72,30,0.7
20,13.975428571428573,72,6,17.98
20,1.1,72,6,7.699999999999999
20,5.511111111111111,72,6,4.2
20,7.316666666666666,72,6,0.2
20,7.753333333333333,72,6,6.9
20,5.223333333333333,72,6,6.9
20,5.046666666666667,72,6,6.6
20,0.82,72,6,6.1
20,1.9,72,6,2.6
20,4.6033333333333335,72,6,2.2
20,1.6666666666666665,72,6,0.8
20,-0.37,72,6,-1.1
22,12.396,87,27,7.1
22,6.296666666666667,87,27,6.3
22,9.471111111111112,87,27,11.5
22,0.5,87,27,0.2
22,10.116,87,27,4.3
22,5.505111111111112,87,27,3.0
22,1.6199999999999999,87,27,2.6
22,6.75,87,27,1.7
22,4.373333333333333,87,27,0.0
11,17.272000000000002,87,24,12.92
11,15.4,87,24,11.5
11,12.59,87,24,11.2
11,11.54,87,24,4.4
11,3.8,87,24,4.3
11,0.65,87,24,2.4
11,1.08,87,24,0.3
11,0.72,87,24,0.0
28,14.502,75,9,13.22
28,10.67,75,9,4.1
28,4.9799999999999995,75,9,5.7
28,3.0300000000000002,75,9,0.1
28,3.5742857142857143,75,9,7.1
28,6.41,75,9,4.3
28,4.404285714285714,75,9,4.1
28,8.43,75,9,2.0
28,10.82,75,9,1.0
28,0.41,75,9,0.0
13,19.669999999999998,75,31,21.360000000000003
13,20.685714285714287,75,31,24.0
13,9.16,75,31,5.9
13,8.81,75,31,9.5
13,8.18,75,31,4.8
13,9.33,75,31,6.6
13,2.29,75,31,1.9
13,2.4,75,31,1.3
13,0.0,75,31,0.0
31,8.281333333333334,79,28,10.5
31,11.52,79,28,31.1
31,6.78,79,28,9.0
31,5.96,79,28,3.5
31,2.16,79,28,2.3
31,0.7966666666666669,79,28,1.1
31,3.45,79,28,0.0
31,1.55,79,28,-0.1
16,11.831333333333331,79,13,26.66
16,4.222222222222223,79,13,9.1
16,8.707777777777777,79,13,6.1
16,3.4744444444444444,79,13,8.7
16,3.624444444444444,79,13,-1.0999999999999999
16,9.690000000000001,79,13,8.3
16,2.5414285714285714,79,13,6.1
16,4.33,79,13,4.7
16,4.1899999999999995,79,13,3.3
16,0.25,79,13,1.0
16,1.1199999999999999,79,13,0.7
2,20.062666666666665,53,4,14.34
2,24.104444444444447,53,4,47.3
2,11.3,53,4,14.5
2,2.5133333333333336,53,4,4.9
2,13.032857142857143,53,4,9.0
2,1.8866666666666667,53,4,2.6
2,1.6199999999999999,53,4,2.4
2,0.2,53,4,1.4
21,16.186,53,14,19.92
21,9.668571428571427,53,14,12.7
21,7.941428571428572,53,14,19.5
21,9.84,53,14,10.4
21,3.1114285714285717,53,14,4.3
21,5.77,53,14,3.8
21,3.9299999999999997,53,14,0.1
21,3.27,53,14,0.0
21,0.13,53,14,0.0
10,18.15533333333333,79,5,14.14
10,9.433333333333334,79,5,5.6
10,10.790000000000001,79,5,11.6
10,1.02,79,5,1.4
10,0.68,79,5,0.1
10,15.184444444444445,79,5,11.6
10,5.213333333333333,79,5,4.1
10,3.4766666666666666,79,5,2.1
10,0.7599999999999999,79,5,0.7
10,0.45,79,5,0.5
10,4.211428571428572,79,5,0.0
24,19.136666666666667,79,16,21.04
24,9.1,79,16,1.4
24,6.75,79,16,7.1000000000000005
24,10.3,79,16,11.0
24,0.6,79,16,4.8
24,5.626,79,16,4.5
24,11.219999999999999,79,16,3.9
24,4.6,79,16,1.6
24,4.33,79,16,0.4
24,1.8800000000000001,79,16,-0.1
26,14.89,78,11,11.72
26,13.83,78,11,8.4
26,0.61,78,11,1.0
26,3.7871428571428574,78,11,5.5
26,5.09,78,11,4.4
26,0.6599999999999999,78,11,3.2
26,1.55,78,11,1.9
26,0.53,78,11,1.1
26,6.08,78,11,0.8
26,3.7600000000000002,78,11,0.6
26,3.5100000000000002,78,11,0.3
14,18.70711111111111,78,2,21.0
14,5.006666666666666,78,2,11.899999999999999
14,6.4,78,2,5.3
14,14.294444444444444,78,2,13.1
14,2.19,78,2,6.5
14,10.618571428571428,78,2,1.5
14,3.41,78,2,1.1
14,0.99,78,2,0.9
14,0.1677777777777778,78,2,0.0
25,13.826,78,23,19.7
25,7.64,78,23,6.2
25,5.0,78,23,12.9
25,12.89,78,23,4.2
25,5.73,78,23,5.5
25,5.584285714285714,78,23,5.0
25,3.8700000000000006,78,23,4.7
25,4.75,78,23,2.1
25,3.65,78,23,1.5
25,0.36,78,23,0.6
3,21.75,78,8,26.720000000000002
3,8.08,78,8,31.3
3,20.47,78,8,3.9
3,2.442,78,8,14.3
3,4.93,78,8,11.1
3,14.25,78,8,7.4
3,2.5666666666666664,78,8,5.1
3,5.15,78,8,3.0
3,2.43,78,8,2.4
3,0.78,78,8,1.7
3,-0.15,78,8,-0.3
24,19.136666666666667,70,18,24.519999999999996
24,6.75,70,18,5.1
24,5.7,70,18,18.9
24,5.626,70,18,9.1
24,11.219999999999999,70,18,7.4
24,10.3,70,18,4.3
24,4.33,70,18,2.6
24,0.01428571428571429,70,18,1.1
24,4.6,70,18,0.7
27,13.624,70,5,9.24
27,17.95,70,5,34.9
27,1.13,70,5,4.2
27,2.7,70,5,5.2
27,11.693999999999999,70,5,4.4
27,8.03,70,5,3.7
27,0.39,70,5,2.4
27,0.9,70,5,0.0
12,22.244,52,8,21.3
12,14.509999999999998,52,8,6.6
12,5.17,52,8,3.7
12,7.8100000000000005,52,8,7.4
12,7.960000000000001,52,8,4.8
12,4.85,52,8,4.3
12,3.06,52,8,0.3
12,0.03,52,8,0.2
25,13.826,52,10,15.82
25,12.89,52,10,9.7
25,5.0,52,10,1.7000000000000002
25,3.8700000000000006,52,10,1.9
25,1.0,52,10,0.0
25,5.584285714285714,52,10,3.3000000000000003
25,3.65,52,10,4.8
25,4.75,52,10,3.6
25,3.567142857142857,52,10,2.0
25,0.36,52,10,1.2
25,0.4,52,10,0.0
9,19.89,51,27,18.559999999999995
9,20.32,51,27,36.900000000000006
9,0.4666666666666667,51,27,0.2
9,9.9,51,27,11.1
9,14.18,51,27,10.5
9,5.225714285714285,51,27,6.8
9,0.55,51,27,3.5
9,4.95,51,27,2.6
9,2.0300000000000002,51,27,0.7
9,0.24,51,27,0.0
9,1.7971428571428572,51,27,0.0
9,0.53,51,27,0.0
11,17.272000000000002,51,12,17.16
11,15.4,51,12,20.4
11,12.59,51,12,8.5
11,11.54,51,12,6.2
11,3.8,51,12,5.4
11,0.65,51,12,0.8
11,0.5,51,12,0.0
11,1.08,51,12,-0.2
21,16.186,52,31,20.880000000000003
21,9.668571428571427,52,31,5.9
21,2.77,52,31,7.0
21,7.941428571428572,52,31,2.6
21,9.84,52,31,2.0
21,5.77,52,31,5.2
21,3.9299999999999997,52,31,9.1
21,2.3,52,31,2.3
21,3.27,52,31,1.1
21,3.29,52,31,0.5
28,14.502,52,4,4.779999999999999
28,10.67,52,4,5.9
28,4.9799999999999995,52,4,5.1
28,4.404285714285714,52,4,3.1
28,3.5742857142857143,52,4,1.8
28,8.43,52,4,1.0
28,3.0300000000000002,52,4,0.8
28,0.32428571428571434,52,4,0.7
28,6.41,52,4,0.6
28,10.82,52,4,0.0
7,15.042000000000002,78,25,30.7
7,6.78,78,25,10.6
7,11.82,78,25,8.4
7,3.4,78,25,1.9000000000000001
7,6.369999999999999,78,25,8.2
7,9.65,78,25,6.2
7,12.33,78,25,5.8
7,7.25,78,25,5.6
7,3.6100000000000003,78,25,1.5
7,0.35,78,25,0.5
8,24.014,78,32,27.5
8,11.79,78,32,4.1
8,6.220000000000001,78,32,14.1
8,12.3,78,32,14.4
8,6.029999999999999,78,32,7.1
8,11.030000000000001,78,32,4.7
8,6.8100000000000005,78,32,4.6
8,0.51,78,32,3.3
8,0.13,78,32,0.9
6,20.476,60,21,22.74
6,16.93,60,21,9.3
6,7.57,60,21,3.5
6,-0.35,60,21,-0.7
6,2.35,60,21,4.3
6,4.4399999999999995,60,21,5.5
6,3.2,60,21,5.2
6,3.6,60,21,3.4
6,5.5,60,21,2.4
6,5.26,60,21,0.2
6,10.17,60,21,7.0
18,10.831555555555555,60,20,18.0
18,6.755714285714286,60,20,5.9
18,10.283333333333333,60,20,5.2
18,2.69,60,20,9.4
18,15.92,60,20,5.7
18,4.257777777777777,60,20,5.6
18,5.98,60,20,3.9
18,0.9400000000000001,60,20,1.3
18,4.9557142857142855,60,20,-1.1
31,8.281333333333334,78,16,7.6
31,11.52,78,16,16.9
31,1.55,78,16,0.4
31,0.25,78,16,0.2
31,6.78,78,16,7.7
31,3.45,78,16,6.9
31,5.96,78,16,3.9
31,0.7966666666666669,78,16,2.6
31,0.45,78,16,0.9
31,2.16,78,16,0.5
10,18.15533333333333,78,13,22.619999999999997
10,9.433333333333334,78,13,27.8
10,0.68,78,13,2.0
10,10.790000000000001,78,13,4.2
10,0.7599999999999999,78,13,0.1
10,15.184444444444445,78,13,12.3
10,3.4766666666666666,78,13,3.8
10,5.213333333333333,78,13,3.7
10,4.211428571428572,78,13,0.0
10,1.02,78,13,-0.4
5,20.274,89,24,27.34
5,10.08,89,24,4.9
5,10.190000000000001,89,24,22.1
5,7.28,89,24,11.9
5,0.21000000000000002,89,24,0.8
5,6.75,89,24,6.4
5,5.801428571428572,89,24,2.9
5,8.42,89,24,2.3
22,12.292,89,3,24.0
22,6.296666666666667,89,3,11.9
22,9.471111111111112,89,3,5.800000000000001
22,5.505111111111112,89,3,5.9
22,2.6399999999999997,89,3,4.9
22,6.75,89,3,3.5
22,4.373333333333333,89,3,3.2
22,1.6199999999999999,89,3,1.1
22,4.55,89,3,0.0
22,10.116,89,3,15.0
32,9.46133333333333,78,11,5.359999999999999
32,3.202,78,11,2.6399999999999997
32,5.67,78,11,9.4
32,5.556666666666667,78,11,0.9
32,4.026666666666667,78,11,4.3
32,3.986666666666667,78,11,3.5
32,1.657777777777778,78,11,2.0
32,1.5,78,11,2.0
32,-0.19666666666666666,78,11,-1.8
32,1.01,78,11,0.0
14,18.70711111111111,78,29,5.28
14,14.294444444444444,78,29,6.3
14,9.87,78,29,7.1
14,5.006666666666666,78,29,4.3
14,10.618571428571428,78,29,3.3
14,6.4,78,29,3.3
14,0.99,78,29,0.6
14,2.19,78,29,0.0
13,19.669999999999998,51,30,14.280000000000001
13,0.010000000000000009,51,30,0.12
13,20.685714285714287,51,30,51.0
13,9.16,51,30,6.0
13,8.81,51,30,10.3
13,8.18,51,30,1.4
13,0.52,51,30,1.2000000000000002
13,9.33,51,30,11.9
13,2.29,51,30,0.5
20,13.975428571428573,51,9,10.32
20,5.511111111111111,51,9,10.9
20,1.1,51,9,3.4
20,7.316666666666666,51,9,2.5
20,2.37,51,9,8.2
20,5.223333333333333,51,9,5.5
20,7.753333333333333,51,9,1.1
20,4.6033333333333335,51,9,0.9
20,0.09,51,9,0.8
2,20.062666666666665,25,22,7.4399999999999995
2,24.104444444444447,25,22,46.5
2,3.236666666666667,25,22,2.4
2,11.3,25,22,12.1
2,13.032857142857143,25,22,1.2
2,10.547777777777778,25,22,5.3
2,1.6199999999999999,25,22,2.4
2,2.5133333333333336,25,22,-0.2
17,13.058,25,14,19.480000000000004
17,8.13857142857143,25,14,2.2
17,11.016666666666666,25,14,6.6
17,3.8044444444444445,25,14,2.9
17,11.392888888888887,25,14,11.5
17,5.563333333333333,25,14,5.8
17,6.1,25,14,5.7
17,3.743333333333333,25,14,2.3
17,1.42,25,14,0.7
17,-0.1,25,14,-0.1
15,14.789333333333332,66,1,11.92
15,9.540000000000001,66,1,29.4
15,1.78,66,1,4.2
15,2.594666666666667,66,1,2.2
15,6.471111111111111,66,1,1.9000000000000001
15,6.573333333333333,66,1,9.3
15,5.786666666666666,66,1,6.0
15,9.386666666666667,66,1,2.8
15,4.043333333333333,66,1,2.0
15,1.5799999999999998,66,1,1.2
15,1.51,66,1,0.7
15,2.34,66,1,0.0
30,12.070285714285713,66,6,7.18
30,5.97,66,6,2.6
30,8.73,66,6,1.4
30,3.7300000000000004,66,6,3.3
30,0.63,66,6,2.5
30,6.1899999999999995,66,6,2.4
30,3.18,66,6,1.3
30,1.71,66,6,1.2
29,15.614,78,2,10.16
29,12.01,78,2,7.0
29,0.7,78,2,1.0
29,4.9399999999999995,78,2,2.0999999999999996
29,7.369999999999999,78,2,3.8
29,1.6800000000000002,78,2,2.9
29,2.0300000000000002,78,2,0.7
29,5.99,78,2,0.0
29,1.7399999999999998,78,2,0.0
29,1.58,78,2,-0.3
26,14.89,78,7,35.519999999999996
26,13.83,78,7,23.700000000000003
26,5.09,78,7,1.9
26,0.61,78,7,0.4
26,6.08,78,7,10.1
26,3.7600000000000002,78,7,2.7
26,3.7871428571428574,78,7,2.1
26,0.6599999999999999,78,7,1.4
26,0.04,78,7,0.3
26,1.55,78,7,0.1
26,3.5100000000000002,78,7,0.0
26,0.53,78,7,0.0
1,25.967555555555553,45,15,26.979999999999997
1,19.726666666666667,45,15,18.5
1,3.0700000000000003,45,15,1.4
1,0.21000000000000002,45,15,0.1
1,13.946666666666665,45,15,14.2
1,12.23,45,15,6.1
1,2.521111111111111,45,15,1.9
1,1.4966666666666666,45,15,-0.2
1,8.07777777777778,45,15,1.7
4,17.83844444444444,45,26,27.8
4,11.216666666666665,45,26,34.6
4,15.176666666666668,45,26,9.2
4,1.42,45,26,1.6
4,9.696,45,26,6.1000000000000005
4,4.6177777777777775,45,26,1.6
4,6.9714285714285715,45,26,9.7
4,5.033333333333333,45,26,7.8
4,18.6,45,26,4.2
4,0.36,45,26,0.3
16,11.831333333333331,37,17,17.900000000000002
16,3.624444444444444,37,17,8.7
16,8.707777777777777,37,17,18.1
16,7.418571428571429,37,17,13.1
16,4.33,37,17,3.7
16,9.690000000000001,37,17,3.0
16,3.4744444444444444,37,17,1.0
16,4.1899999999999995,37,17,2.2
19,20.012,37,28,28.4
19,8.346666666666668,37,28,4.1
19,5.05,37,28,3.9
19,4.215714285714286,37,28,14.2
19,14.379999999999999,37,28,13.2
19,6.8100000000000005,37,28,10.4
19,5.9799999999999995,37,28,10.3
19,1.59,37,28,3.7
19,2.8600000000000003,37,28,1.9
19,0.25,37,28,1.0
17,13.058,78,13,8.840000000000002
17,11.392888888888887,78,13,15.32
17,11.016666666666666,78,13,21.6
17,8.13857142857143,78,13,15.7
17,6.1,78,13,4.2
17,5.563333333333333,78,13,2.8
17,1.42,78,13,1.2
17,3.8044444444444445,78,13,-0.1
31,8.281333333333334,78,22,3.16
31,11.52,78,22,7.0
31,1.55,78,22,2.1
31,0.45,78,22,1.5
31,6.78,78,22,5.7
31,5.96,78,22,4.0
31,2.16,78,22,3.4
31,3.45,78,22,1.2
30,12.070285714285713,66,9,15.280000000000001
30,8.73,66,9,15.5
30,5.97,66,9,18.5
30,0.03,66,9,0.2
30,3.7300000000000004,66,9,10.1
30,1.71,66,9,1.1
30,1.74,66,9,1.1
30,6.1899999999999995,66,9,1.0
30,3.18,66,9,0.8
30,0.7,66,9,0.0
13,19.669999999999998,66,1,20.14
13,9.16,66,1,6.800000000000001
13,8.18,66,1,5.8
13,0.52,66,1,1.4000000000000001
13,9.33,66,1,11.8
13,8.81,66,1,7.2
13,0.8300000000000001,66,1,1.3
13,2.29,66,1,1.1
13,2.4,66,1,0.0
32,2.250000000000001,78,20,-1.0
32,5.556666666666667,78,20,10.6
32,2.1166666666666667,78,20,7.0
32,5.67,78,20,0.1
32,4.026666666666667,78,20,7.1
32,3.986666666666667,78,20,2.7
32,1.657777777777778,78,20,-0.6000000000000001
32,1.5,78,20,1.3
32,1.9044444444444442,78,20,0.8
6,20.476,78,29,22.740000000000002
6,16.93,78,29,27.900000000000002
6,7.57,78,29,4.2
6,3.2199999999999998,78,29,5.3999999999999995
6,4.4399999999999995,78,29,4.0
6,10.17,78,29,3.1
6,9.879999999999999,78,29,2.5
6,5.26,78,29,1.7
6,3.6,78,29,0.7
6,-0.2,78,29,-0.4
4,17.83844444444444,44,3,21.68
4,15.176666666666668,44,3,9.7
4,1.42,44,3,3.6
4,11.216666666666665,44,3,1.5000000000000002
4,4.6177777777777775,44,3,-1.6
4,18.6,44,3,10.0
4,5.033333333333333,44,3,6.3
4,9.696,44,3,3.6
4,3.8633333333333333,44,3,0.8
4,0.36,44,3,0.0
5,20.274,44,15,37.42
5,10.08,44,15,16.8
5,10.190000000000001,44,15,8.3
5,8.42,44,15,12.6
5,1.0,44,15,6.4
5,5.801428571428572,44,15,3.5
5,7.28,44,15,2.6
5,6.75,44,15,0.4
5,0.11000000000000001,44,15,0.0
5,1.56,44,15,0.0
20,13.975428571428573,79,32,20.900000000000002
20,7.316666666666666,79,32,20.0
20,7.753333333333333,79,32,9.7
20,5.223333333333333,79,32,5.2
20,2.37,79,32,2.3
20,4.6033333333333335,79,32,1.4
20,1.7,79,32,0.6
20,5.511111111111111,79,32,1.9
7,15.042000000000002,79,30,26.1
7,6.78,79,30,3.0
7,3.4,79,30,14.8
7,11.82,79,30,15.3
7,1.4300000000000002,79,30,1.9000000000000001
7,12.33,79,30,10.7
7,9.65,79,30,6.7
7,7.25,79,30,5.9
7,6.369999999999999,79,30,3.7
7,3.6100000000000003,79,30,0.2999999999999998
7,0.35,79,30,1.5
7,0.08,79,30,0.6
12,22.244,49,5,23.659999999999997
12,3.06,49,5,7.1
12,14.509999999999998,49,5,8.0
12,7.76,49,5,14.5
12,7.8100000000000005,49,5,6.2
12,4.85,49,5,6.1
12,5.17,49,5,2.9
12,0.16,49,5,0.8
12,7.960000000000001,49,5,0.5
24,19.136666666666667,49,10,18.7
24,6.75,49,10,3.7
24,1.8800000000000001,49,10,1.7
24,5.7,49,10,2.2
24,10.3,49,10,13.8
24,11.219999999999999,49,10,8.8
24,4.6,49,10,4.3
24,5.626,49,10,2.0
10,18.15533333333333,46,21,17.54
10,9.433333333333334,46,21,32.3
10,1.02,46,21,2.3
10,0.68,46,21,0.4
10,15.184444444444445,46,21,11.0
10,4.211428571428572,46,21,3.4
10,0.26,46,21,2.3
10,5.213333333333333,46,21,1.6
10,3.4766666666666666,46,21,1.1
10,10.790000000000001,46,21,2.5999999999999996
18,10.831555555555555,46,16,18.04
18,10.283333333333333,46,16,5.0
18,6.755714285714286,46,16,2.5
18,1.4500000000000002,46,16,7.300000000000001
18,5.98,46,16,4.4
18,4.257777777777777,46,16,4.2
18,-0.14444444444444443,46,16,2.1
18,2.33,46,16,0.9
18,0.9400000000000001,46,16,0.0
18,2.69,46,16,0.0
18,1.1099999999999999,46,16,0.0
18,0.22999999999999998,46,16,0.0
18,0.6799999999999999,46,16,-0.5
23,15.665999999999997,89,24,17.58
23,9.1,89,24,17.900000000000002
23,4.720000000000001,89,24,17.0
23,10.275714285714287,89,24,6.6
23,-0.036666666666666625,89,24,1.3
23,5.1,89,24,4.8
23,8.89,89,24,3.7
23,9.41,89,24,2.9
23,0.7,89,24,2.6
23,0.9400000000000001,89,24,0.8
22,12.292,89,19,17.76
22,9.471111111111112,89,19,20.7
22,6.296666666666667,89,19,3.3
22,10.116,89,19,3.6
22,5.505111111111112,89,19,8.4
22,1.6199999999999999,89,19,4.4
22,4.373333333333333,89,19,3.2
22,2.6399999999999997,89,19,2.3
22,6.75,89,19,0.5
14,18.70711111111111,68,7,10.86
14,9.87,68,7,21.9
14,5.006666666666666,68,7,2.8
14,10.618571428571428,68,7,6.8
14,14.294444444444444,68,7,5.0
14,0.1677777777777778,68,7,1.9
14,6.4,68,7,0.3
14,3.41,68,7,0.0
29,7.040000000000001,68,11,9.040000000000001
29,15.614,68,11,1.4399999999999995
29,12.01,68,11,6.8
29,0.7,68,11,0.4
29,0.1,68,11,0.2
29,5.99,68,11,7.6
29,1.7399999999999998,68,11,3.1
29,4.9399999999999995,68,11,2.1
29,7.369999999999999,68,11,1.7
29,2.0300000000000002,68,11,1.7
29,0.85,68,11,0.8
29,0.13,68,11,0.5
3,21.75,54,6,16.78
3,20.47,54,6,19.5
3,2.442,54,6,1.5
3,8.08,54,6,4.2
3,14.25,54,6,6.9
3,4.93,54,6,4.4
3,5.15,54,6,4.3
3,0.8800000000000001,54,6,3.5
15,14.789333333333332,54,23,19.56
15,2.594666666666667,54,23,13.1
15,9.540000000000001,54,23,4.8
15,5.786666666666666,54,23,3.5999999999999996
15,1.5799999999999998,54,23,2.3
15,6.471111111111111,54,23,2.4
15,1.9200000000000002,54,23,0.1
15,9.386666666666667,54,23,13.4
15,6.573333333333333,54,23,6.6
15,1.51,54,23,0.8
15,4.043333333333333,54,23,0.8
15,2.34,54,23,0.0
15,1.78,54,23,0.0
26,14.89,52,8,26.22
26,13.83,52,8,4.2
26,0.1,52,8,0.7
26,3.7600000000000002,52,8,8.1
26,3.5100000000000002,52,8,7.4
26,6.08,52,8,5.6
26,3.7871428571428574,52,8,2.5
26,0.53,52,8,1.6
26,0.4,52,8,1.2
26,1.55,52,8,0.0
26,0.6599999999999999,52,8,0.0
25,13.826,52,2,12.72
25,12.89,52,2,10.700000000000001
25,5.0,52,2,5.6
25,1.0,52,2,0.2
25,4.75,52,2,4.3
25,3.567142857142857,52,2,4.2
25,3.8700000000000006,52,2,2.2
25,0.4,52,2,2.0
2,20.062666666666665,62,28,16.479999999999997
2,3.236666666666667,62,28,7.1
2,24.104444444444447,62,28,32.6
2,10.547777777777778,62,28,7.1000000000000005
2,11.3,62,28,8.4
2,0.1,62,28,0.1
2,2.5133333333333336,62,28,1.9
2,0.85,62,28,1.7
2,1.8866666666666667,62,28,0.0
2,1.6199999999999999,62,28,-0.5
16,11.831333333333331,62,14,6.100000000000001
16,3.624444444444444,62,14,7.800000000000001
16,4.222222222222223,62,14,2.5
16,8.707777777777777,62,14,-0.5
16,9.690000000000001,62,14,9.8
16,7.418571428571429,62,14,2.4
16,2.5414285714285714,62,14,0.6
16,4.33,62,14,0.5
16,4.1899999999999995,62,14,0.0
16,0.9866666666666666,62,14,0.0
16,3.4744444444444444,62,14,1.3
11,17.272000000000002,59,26,7.92
11,2.06,59,26,2.06
11,15.4,59,26,5.1
11,1.08,59,26,1.0
11,12.59,59,26,11.7
11,0.5,59,26,3.0
11,11.54,59,26,2.7
11,3.8,59,26,1.3
11,3.92,59,26,0.0
11,-0.25,59,26,0.0
11,0.13,59,26,0.0
11,0.65,59,26,-0.1
1,25.967555555555553,59,27,32.82
1,19.726666666666667,59,27,26.1
1,3.0700000000000003,59,27,8.9
1,13.946666666666665,59,27,7.6
1,12.23,59,27,9.5
1,8.07777777777778,59,27,7.4
1,2.68,59,27,1.7
1,1.2366666666666668,59,27,1.3
1,2.521111111111111,59,27,0.6
27,13.624,78,25,20.66
27,17.95,78,25,21.4
27,5.5,78,25,2.6
27,0.03,78,25,0.2
27,8.03,78,25,16.7
27,2.527142857142857,78,25,1.1
27,2.95,78,25,1.1
27,0.39,78,25,0.0
27,11.693999999999999,78,25,14.200000000000001
8,24.014,78,18,19.26
8,11.79,78,18,20.2
8,6.220000000000001,78,18,4.5
8,12.3,78,18,8.4
8,2.34,78,18,6.3
8,6.029999999999999,78,18,4.8
8,11.030000000000001,78,18,4.3
8,0.51,78,18,2.4
8,6.8100000000000005,78,18,2.1
8,0.2,78,18,0.8
8,0.09,78,18,0.7
22,12.292,78,11,7.640000000000001
22,5.505111111111112,78,11,9.42
22,9.471111111111112,78,11,21.5
22,6.296666666666667,78,11,5.8
22,0.5,78,11,0.5
22,4.55,78,11,13.4
22,4.373333333333333,78,11,3.6
22,1.6199999999999999,78,11,1.4
14,18.70711111111111,78,24,30.96
14,9.87,78,24,25.3
14,5.006666666666666,78,24,4.2
14,10.618571428571428,78,24,12.4
14,14.294444444444444,78,24,8.2
14,3.41,78,24,2.9
14,0.1677777777777778,78,24,0.4
14,-0.1,78,24,-0.1
24,19.136666666666667,48,7,22.639999999999997
24,1.8800000000000001,48,7,6.699999999999999
24,6.75,48,7,6.6
24,5.626,48,7,6.300000000000001
24,5.7,48,7,0.5
24,4.33,48,7,9.3
24,11.219999999999999,48,7,3.5
24,4.6,48,7,3.2
24,10.3,48,7,2.6
24,0.8400000000000001,48,7,0.0
29,15.614,48,5,19.74
29,1.1,48,5,1.1
29,7.369999999999999,48,5,4.0
29,12.01,48,5,9.0
29,5.99,48,5,5.4
29,1.7399999999999998,48,5,4.1
29,2.0300000000000002,48,5,3.7
29,4.9399999999999995,48,5,-0.19999999999999996
29,0.65,48,5,1.3
29,0.85,48,5,0.9
18,10.831555555555555,48,3,12.32
18,10.283333333333333,48,3,3.8
18,1.4500000000000002,48,3,2.2
18,2.33,48,3,6.1
18,2.69,48,3,3.0
18,4.257777777777777,48,3,1.6
18,0.22999999999999998,48,3,1.4
18,0.9400000000000001,48,3,0.7
5,20.274,48,21,21.9
5,10.08,48,21,20.1
5,10.190000000000001,48,21,11.0
5,5.801428571428572,48,21,4.4
5,7.28,48,21,5.2
5,1.56,48,21,3.7
5,8.42,48,21,1.8
5,1.0,48,21,0.6
15,14.789333333333332,61,10,9.08
15,2.594666666666667,61,10,8.44
15,9.540000000000001,61,10,16.3
15,1.78,61,10,1.9
15,5.786666666666666,61,10,5.4
15,4.043333333333333,61,10,3.1
15,6.573333333333333,61,10,3.1
15,2.34,61,10,2.9
15,9.386666666666667,61,10,2.8
15,1.5799999999999998,61,10,1.9
15,6.471111111111111,61,10,1.8
15,1.51,61,10,0.7
12,22.244,61,6,33.959999999999994
12,0.32,61,6,0.32
12,14.509999999999998,61,6,17.6
12,5.17,61,6,12.9
12,2.3600000000000003,61,6,2.0
12,7.960000000000001,61,6,5.6
12,7.76,61,6,2.8
12,7.8100000000000005,61,6,2.7
12,1.09,61,6,1.5
12,3.06,61,6,0.5
12,0.16,61,6,0.0
20,13.975428571428573,47,12,14.1
20,7.316666666666666,47,12,7.5
20,7.753333333333333,47,12,3.9
20,4.6033333333333335,47,12,3.6
20,1.9,47,12,2.8
20,0.6,47,12,2.4
20,2.37,47,12,2.1
20,5.511111111111111,47,12,1.6
20,1.6666666666666665,47,12,0.6
20,1.7,47,12,0.0
9,19.89,47,30,16.880000000000003
9,20.32,47,30,45.2
9,0.27,47,30,1.7
9,14.18,47,30,7.4
9,5.225714285714285,47,30,4.7
9,9.9,47,30,3.3
9,0.53,47,30,1.5
9,0.4666666666666667,47,30,-0.7
9,4.95,47,30,0.9
9,2.0300000000000002,47,30,0.0
9,0.16199999999999998,47,30,-0.1
25,13.826,51,18,12.420000000000002
25,12.89,51,18,25.599999999999998
25,7.64,51,18,2.2
25,5.584285714285714,51,18,4.1
25,3.567142857142857,51,18,4.9
25,4.75,51,18,3.8
25,3.65,51,18,2.1
25,3.8700000000000006,51,18,2.0
27,13.624,51,8,12.64
27,17.95,51,8,11.1
27,11.693999999999999,51,8,13.6
27,2.95,51,8,4.8
27,8.03,51,8,3.4
27,5.5,51,8,2.5
27,2.527142857142857,51,8,0.0
27,1.13,51,8,-0.1
17,13.058,56,26,15.379999999999999
17,11.016666666666666,56,26,23.2
17,3.8044444444444445,56,26,10.1
17,1.6166666666666667,56,26,3.7
17,5.563333333333333,56,26,7.8
17,6.1,56,26,3.0
17,1.42,56,26,2.9
17,3.743333333333333,56,26,0.4
17,11.392888888888887,56,26,5.1000000000000005
1,25.967555555555553,56,22,26.019999999999996
1,19.726666666666667,56,22,8.6
1,8.07777777777778,56,22,10.7
1,12.23,56,22,7.9
1,13.946666666666665,56,22,7.0
1,1.4966666666666666,56,22,1.0
1,1.2366666666666668,56,22,0.1
21,16.186,78,19,23.42
21,9.668571428571427,78,19,24.4
21,7.941428571428572,78,19,3.5
21,9.84,78,19,4.7
21,0.11000000000000001,78,19,0.9
21,0.13,78,19,0.1
21,5.77,78,19,9.7
21,5.7,78,19,5.4
21,3.9299999999999997,78,19,2.6
21,3.1114285714285717,78,19,1.6
23,15.665999999999997,78,4,17.0
23,9.1,78,4,9.100000000000001
23,10.275714285714287,78,4,5.3
23,4.720000000000001,78,4,2.5999999999999996
23,9.41,78,4,11.7
23,0.9400000000000001,78,4,2.1
23,0.39,78,4,1.2
23,8.89,78,4,1.2
23,-0.036666666666666625,78,4,-1.4
23,5.1,78,4,0.0
7,15.042000000000002,55,27,8.84
7,22.672,55,27,17.56
7,6.78,55,27,20.5
7,11.82,55,27,7.2
7,1.4300000000000002,55,27,2.9
7,12.33,55,27,17.9
7,6.369999999999999,55,27,7.6
7,9.65,55,27,6.8
7,7.25,55,27,3.2
7,3.6100000000000003,55,27,1.3
7,0.1,55,27,0.5
7,3.4,55,27,0.10000000000000003
11,17.272000000000002,55,32,20.2
11,15.4,55,32,37.8
11,1.08,55,32,1.7
11,12.59,55,32,7.6
11,3.2,55,32,3.2
11,0.65,55,32,0.5
11,0.13,55,32,0.4
11,3.8,55,32,0.0
11,11.54,55,32,13.600000000000001
6,20.476,69,31,21.360000000000003
6,16.93,69,31,38.9
6,7.57,69,31,8.5
6,3.2199999999999998,69,31,1.4
6,6.333333333333333,69,31,7.0
6,2.6,69,31,5.2
6,10.17,69,31,3.7
6,9.879999999999999,69,31,3.4
6,3.6,69,31,2.6
6,4.4399999999999995,69,31,0.0
6,2.35,69,31,-0.4
28,14.502,69,20,33.76
28,3.0300000000000002,69,20,6.9
28,4.9799999999999995,69,20,6.4
28,0.32428571428571434,69,20,1.3
28,1.55,69,20,0.4
28,8.43,69,20,7.4
28,4.404285714285714,69,20,4.2
28,2.98,69,20,3.9
28,6.41,69,20,1.4
28,0.27999999999999997,69,20,0.8
19,20.012,82,14,15.94
19,8.346666666666668,82,14,20.6
19,5.05,82,14,12.9
19,4.215714285714286,82,14,-1.2
19,14.379999999999999,82,14,13.3
19,5.9799999999999995,82,14,4.5
19,5.5600000000000005,82,14,4.0
19,2.8600000000000003,82,14,3.1
19,6.8100000000000005,82,14,2.1
19,8.06,82,14,1.4
2,20.062666666666665,82,17,24.5
2,0.082,82,17,0.48
2,24.104444444444447,82,17,19.5
2,10.547777777777778,82,17,8.3
2,3.236666666666667,82,17,0.7
2,11.3,82,17,7.0
2,1.6199999999999999,82,17,2.2
2,0.13,82,17,1.2
2,1.8866666666666667,82,17,0.6
2,0.85,82,17,0.0
2,2.5133333333333336,82,17,4.0
16,11.831333333333331,78,13,12.5
16,8.707777777777777,78,13,4.2
16,4.222222222222223,78,13,2.8
16,3.624444444444444,78,13,1.8
16,3.4744444444444444,78,13,1.0
16,4.1899999999999995,78,13,7.1
16,9.690000000000001,78,13,5.7
16,7.418571428571429,78,13,5.5
16,2.5414285714285714,78,13,0.7
16,1.9333333333333336,78,13,0.0
31,8.281333333333334,78,28,17.279999999999998
31,11.52,78,28,10.0
31,1.55,78,28,2.1
31,0.45,78,28,0.8
31,5.96,78,28,10.2
31,6.78,78,28,4.2
31,0.7966666666666669,78,28,0.20000000000000018
31,2.16,78,28,2.1
31,3.45,78,28,1.2
3,21.75,78,16,6.800000000000001
3,2.442,78,16,2.06
3,8.08,78,16,9.2
3,20.47,78,16,19.6
3,14.25,78,16,8.1
3,4.93,78,16,1.8
3,0.78,78,16,0.0
10,18.15533333333333,78,23,20.66
10,9.433333333333334,78,23,21.5
10,15.184444444444445,78,23,9.8
10,0.68,78,23,1.1
10,0.7599999999999999,78,23,0.1
10,10.790000000000001,78,23,11.9
10,5.213333333333333,78,23,3.9
10,3.4766666666666666,78,23,2.5
10,4.211428571428572,78,23,1.9
10,0.45,78,23,0.0
10,1.02,78,23,1.4
4,17.83844444444444,46,29,13.760000000000002
4,4.6177777777777775,46,29,3.8
4,15.176666666666668,46,29,21.4
4,9.696,46,29,11.700000000000001
4,1.42,46,29,0.4
4,5.033333333333333,46,29,4.9
4,6.9714285714285715,46,29,4.3
4,18.6,46,29,4.2
4,0.36,46,29,0.7
4,-0.25,46,29,-0.2
32,2.250000000000001,46,15,7.5
32,3.202,46,15,0.92
32,5.556666666666667,46,15,4.5
32,5.67,46,15,9.5
32,3.986666666666667,46,15,5.5
32,1.5,46,15,4.5
32,4.026666666666667,46,15,4.5
32,1.657777777777778,46,15,3.6
32,-0.19666666666666666,46,15,1.6
32,1.9044444444444442,46,15,1.4
32,0.45,46,15,0.9
32,0.27,46,15,0.0
